,customerID,Churn,predictions,propensity_to_churn(%),Ranking
5532,8174-LNWMW,0,0,1.39,9
5173,2480-SQIOB,0,0,37.15,4
7010,0723-DRCLG,1,1,79.38,1
6507,5708-EVONK,1,0,20.11,5
5985,3585-YNADK,0,0,3.69,8
5636,0601-WZHJF,1,1,53.1,3
6667,0872-NXJYS,1,1,69.74,1
6501,4753-PADAS,0,0,18.22,6
2367,0235-KGSLC,1,1,65.34,2
1018,3748-FVMZZ,0,1,58.7,2
6002,3727-RJMEO,1,1,75.13,1
1354,9415-DPEWS,1,1,62.23,2
6225,1452-UZOSF,0,0,2.74,9
5038,4815-TUMEQ,0,0,10.2,7
4776,0018-NYROU,0,1,68.39,1
2971,9348-ROUAI,0,0,1.29,9
1195,4468-KAZHE,0,0,41.35,3
3078,5277-ZLOOR,1,1,81.86,1
6302,9250-WYPLL,1,1,66.12,1
6120,6218-KNUBD,0,0,39.39,4
6827,1036-GUDCL,0,0,4.55,8
4078,0628-CNQRM,1,0,7.57,7
6388,1963-VAUKV,1,0,20.62,5
3513,4063-EIKNQ,0,0,11.66,6
4062,1915-IOFGU,1,1,63.57,2
3803,2533-QVMSK,1,0,8.17,7
742,5138-WVKYJ,1,1,60.02,2
7013,1685-BQULA,0,0,42.81,3
229,0945-TSONX,0,0,2.68,9
1369,5478-JJVZK,0,0,13.8,6
2015,5155-AZQPB,0,0,17.5,6
1392,1934-MKPXS,0,0,1.87,9
1158,5334-JLAXU,0,0,19.28,5
4053,7446-YPODE,0,0,24.06,5
3338,1513-XNPPH,1,1,58.48,2
5952,4430-YHXGG,0,0,25.55,5
787,2202-OUTMO,0,0,11.7,6
1097,4607-CHPCA,1,0,39.36,4
4367,3340-QBBFM,0,0,4.91,8
1119,1459-QNFQT,0,0,0.91,10
1788,7416-CKTEP,0,0,0.58,10
5685,4475-NVTLU,0,0,0.81,10
4665,3884-UEBXB,0,0,0.6,10
6629,6437-UDQJM,0,0,2.45,9
2365,7268-IGMFD,0,0,48.59,3
5149,3970-XGJDU,0,0,0.41,10
4712,7550-WIQVA,0,0,21.08,5
5889,9693-XMUOB,0,0,20.98,5
1958,3737-XBQDD,0,0,45.03,3
803,3174-AKMAS,0,0,2.59,9
3221,5960-MVTUK,0,1,55.55,2
4068,3423-HHXAO,0,0,7.31,7
2826,3638-DIMPH,0,0,19.93,5
1915,3221-CJMSG,0,0,16.79,6
2498,1134-YWTYF,0,0,17.94,6
1803,2773-MADBQ,0,0,3.53,8
2762,8929-KSWIH,0,0,13.03,6
4470,8242-JSVBO,0,0,39.11,4
2282,1587-FKLZB,1,0,35.73,4
3863,0365-BZUWY,0,1,68.66,1
838,6092-QZVPP,0,0,12.56,6
6785,3090-HAWSU,1,0,6.75,7
4965,9239-ZBZZV,1,1,71.11,1
756,5730-DBDSI,0,0,0.24,10
992,4883-KCPZJ,0,0,2.38,9
3150,6029-CSMJE,0,0,38.62,4
5603,1794-HBQTJ,1,0,34.32,4
4450,4925-LMHOK,1,0,24.57,5
5553,6629-CZTTH,1,0,47.55,3
2984,6765-MBQNU,0,0,4.41,8
936,5709-LVOEQ,0,0,14.76,6
2582,7145-FEJWU,0,1,69.49,1
3235,4825-XJGDM,0,0,1.27,9
5700,3312-ZWLGF,0,1,50.74,3
7011,5482-NUPNA,1,0,20.75,5
3641,0487-CRLZF,0,0,4.03,8
648,5644-PDMZC,1,1,72.25,1
6264,2578-JQPHZ,0,0,8.2,7
449,1090-ESELR,0,0,2.2,9
6224,2330-PQGDQ,0,0,7.06,7
4420,1544-JJMYL,0,0,4.9,8
4036,4054-CUMIA,0,0,11.88,6
2297,3870-MQAMG,1,0,18.82,5
2959,7587-AOVVU,0,0,27.6,4
521,4109-CYRBD,0,0,34.51,4
5258,8634-CILSZ,1,0,13.55,6
2571,8216-AZUUZ,0,0,14.58,6
413,5973-EJGDP,0,0,26.69,5
6096,9605-WGJVW,0,1,75.32,1
160,8992-VONJD,0,0,24.77,5
5330,5747-PMBSQ,1,0,49.95,3
733,7564-GHCVB,0,0,2.2,9
3124,3889-VWBID,0,0,0.75,10
3215,3481-JHUZH,0,0,40.36,3
6926,1450-SKCVI,1,0,24.14,5
4969,2303-PJYHN,0,0,20.8,5
5783,1415-YFWLT,1,1,81.65,1
1314,9831-BPFRI,1,0,18.29,6
4294,7596-LDUXP,0,0,29.93,4
4268,5198-HQAEN,0,0,19.23,5
6622,4662-EKDPQ,1,0,44.88,3
1891,4193-ORFCL,1,0,42.29,3
6396,2974-GGUXS,0,0,47.6,3
2465,1740-CSDJP,1,1,63.45,2
1536,2882-WDTBA,0,0,0.74,10
3705,9220-CXRSC,0,0,0.47,10
6245,4759-PXTAN,0,0,8.27,7
6502,6103-QCKFX,0,0,3.97,8
4554,4329-YPDDQ,0,0,34.83,4
5132,3850-OKINF,0,0,3.27,8
4890,3162-ZJZFU,0,0,21.86,5
252,9514-JDSKI,1,1,62.72,2
2156,2737-YNGYW,1,1,66.92,1
4999,1699-TLDLZ,0,0,2.52,9
11,7469-LKBCI,0,0,2.73,9
6006,1360-RCYRT,0,0,23.14,5
5660,1121-QSIVB,0,0,10.91,6
4987,5846-ABOBJ,0,0,0.26,10
2108,0842-IWYCP,0,0,8.8,7
5431,5995-WWKKG,0,0,4.0,8
3565,4317-VTEOA,1,0,47.26,3
3326,7657-DYEPJ,1,0,6.89,7
6998,0928-XUTSN,0,1,66.4,1
1757,6950-TWMYB,0,0,3.57,8
5498,1976-CFOCS,1,1,50.58,3
3640,1771-OADNZ,1,1,59.4,2
5085,7074-STDCN,0,0,22.83,5
2441,9050-IKDZA,0,1,63.2,2
3068,1810-BOHSY,0,0,12.4,6
5938,9971-ZWPBF,0,1,51.54,3
592,0459-SPZHJ,0,0,1.53,9
5698,0654-HMSHN,1,1,54.05,2
2841,9743-DQKQW,0,1,56.13,2
200,9323-HGFWY,0,0,19.28,5
6357,8079-XRJRS,1,0,6.69,7
471,3583-EKAPL,1,1,56.97,2
408,4800-VHZKI,1,0,26.96,5
1700,6961-MJKBO,0,0,0.63,10
1928,2484-DGXPZ,1,0,6.65,7
3669,2587-EKXTS,0,0,42.56,3
2401,1089-HDMKP,0,0,31.09,4
4870,5825-XJOCM,0,0,3.53,8
6474,7196-LIWRH,0,0,4.83,8
4455,8280-MQRQN,1,0,43.84,3
6358,1027-LKKQQ,0,0,1.14,9
6208,0909-SELIE,0,0,1.41,9
925,5393-HJZSM,0,0,6.8,7
744,1635-FJFCC,0,0,41.03,3
376,6158-HDPXZ,0,0,49.28,3
3402,4951-UKAAQ,1,1,73.96,1
6116,7445-WMRBW,0,0,6.76,7
1766,8763-KIAFH,0,0,3.94,8
641,4580-TMHJU,1,0,14.58,6
2145,1391-UBDAR,0,1,53.13,3
3944,4537-CIBHB,0,0,6.62,7
5339,3370-GQEAL,0,0,46.06,3
4889,9746-MDMBK,0,0,13.35,6
1880,6474-FVJLC,1,1,76.6,1
378,2863-IMQDR,0,0,2.08,9
5125,2982-VPSGI,1,1,77.6,1
4659,6616-AALSR,0,0,7.18,7
3084,8631-XVRZL,0,0,9.78,7
6221,0042-JVWOJ,0,0,4.7,8
3005,0516-QREYC,0,0,12.47,6
2008,9430-FRQOC,1,1,51.57,3
1116,8461-EFQYM,0,0,5.1,8
5376,9229-RQABD,0,0,6.12,7
36,6047-YHPVI,1,1,66.44,1
2217,0839-JTCUD,0,0,1.1,9
5161,0696-UKTOX,0,0,14.18,6
1146,1430-SFQSA,0,0,5.36,8
1406,9337-SRRNI,0,0,0.38,10
1909,3750-YHRYO,0,0,6.73,7
4173,7858-GTZSP,0,1,72.47,1
6215,2446-BEGGB,1,1,80.26,1
887,1258-YMZNM,0,0,33.28,4
6524,2754-VDLTR,1,1,66.31,1
3508,2368-GAKKQ,0,0,5.77,7
6032,9090-SGQXL,1,0,44.13,3
6696,4566-NECEV,0,1,62.22,2
3339,8690-ZVLCL,0,0,1.09,9
5726,2888-ADFAO,0,0,0.82,10
6826,7976-CICYS,0,0,22.01,5
5145,3727-OVPRY,0,0,0.73,10
3057,7319-ZNRTR,0,0,4.02,8
6145,5010-IPEAQ,0,0,0.63,10
3389,9617-INGJY,0,1,61.07,2
6731,0164-XAIRP,0,0,2.99,8
1220,0872-JCPIB,0,0,23.23,5
4472,9541-ZPSEA,0,0,1.53,9
5684,0193-ESZXP,1,0,11.16,6
5608,9705-ZJBCG,0,0,6.5,7
1694,0375-HVGXO,1,1,72.31,1
699,8338-QIUNR,0,0,0.61,10
2567,0407-BDJKB,1,0,34.37,4
5485,7794-JASDG,0,0,32.23,4
4655,5985-TBABQ,0,0,10.0,7
2849,6838-HVLXG,0,0,13.08,6
3119,5307-DZCVC,1,1,53.7,2
1229,9068-VPWQQ,0,0,1.09,9
280,0314-TKOSI,0,0,19.83,5
4221,7926-IJOOU,0,0,19.26,5
3067,7005-CCBKV,1,1,66.15,1
5419,7173-TETGO,0,0,3.03,8
2525,3133-PZNSR,0,0,2.59,9
934,4198-VFOEA,0,0,16.09,6
2958,2576-HXMPA,0,0,20.47,5
42,9867-JCZSP,0,0,4.61,8
680,1448-PWKYE,1,1,62.12,2
3837,3932-CMDTD,1,0,45.43,3
4985,4827-DPADN,0,0,1.56,9
5573,5550-VFRLC,1,1,75.44,1
2215,4312-GVYNH,0,0,1.05,10
1634,9995-HOTOH,0,0,1.89,9
4040,9581-GVBXT,0,0,1.61,9
1447,2951-QOQTK,1,0,42.53,3
1292,8390-FESFV,0,0,2.25,9
6550,1309-BXVOQ,1,1,61.7,2
3533,4318-RAJVY,0,0,10.15,7
5360,4919-IKATY,1,1,56.52,2
5403,0292-WEGCH,0,0,15.8,6
5581,5271-YNWVR,1,0,6.67,7
5966,8019-ENHXU,1,0,37.98,4
4468,7083-YNSKY,1,0,18.75,6
932,5787-KXGIY,0,0,0.16,10
6418,2486-WYVVE,0,0,14.26,6
6701,0516-OOHAR,0,0,20.99,5
661,8095-WANWK,0,0,28.63,4
5407,9786-YWNHU,0,0,0.43,10
283,9577-WJVCQ,0,0,3.21,8
2500,0679-TDGAK,0,0,3.98,8
4424,4729-XKASR,1,1,54.99,2
5580,8859-YSTWS,0,0,1.18,9
148,6440-DKQGE,0,0,6.67,7
1940,4890-VMUAV,0,0,1.82,9
3912,3882-IYOIJ,0,0,3.87,8
5989,5567-WSELE,1,1,82.78,1
638,4913-EHYUI,1,0,18.89,5
6147,6383-ZTSIW,0,0,16.43,6
241,6614-FHDBO,0,0,5.3,8
5546,7880-XSOJX,0,0,22.24,5
5523,5044-LRQAQ,0,1,59.62,2
3905,5759-RCVCB,1,1,53.2,3
2192,7622-FWGEW,0,0,2.16,9
1327,4791-QRGMF,1,0,23.77,5
5518,9574-RKJIF,1,0,40.73,3
6469,7945-PRBVF,0,0,1.12,9
3094,1898-JSNDC,0,0,8.28,7
5148,6196-HBOBZ,0,0,6.97,7
6240,6521-YYTYI,1,1,78.68,1
4628,1202-KKGFU,0,0,15.05,6
4730,7813-ZGGAW,0,0,46.27,3
4611,0626-QXNGV,0,0,0.35,10
3107,5038-ETMLM,0,0,5.48,8
4473,2665-NPTGL,0,1,66.72,1
1629,3533-UVMOM,0,0,0.75,10
6554,2856-HYAPG,1,1,64.33,2
867,2732-ISEZX,0,0,23.04,5
1601,2927-QRRQV,0,0,26.72,5
1096,4646-QZXTF,0,0,22.65,5
5273,7673-BQGKU,0,0,0.19,10
165,6345-FZOQH,0,0,0.19,10
5881,3229-USWAR,0,0,7.97,7
805,9926-PJHDQ,0,0,2.85,8
1112,2176-LVPNX,0,0,1.37,9
3460,2669-OIDSD,0,0,31.4,4
3028,8740-XLHDR,1,0,28.26,4
1311,3941-XTSKM,0,0,8.4,7
3645,1991-VOPLL,0,0,15.06,6
533,1297-VQDRP,0,0,15.56,6
4688,2988-GBIVW,0,0,28.55,4
4866,3688-FTHLT,0,0,42.58,3
2580,7748-UMTRK,0,1,60.11,2
5133,6892-XPFPU,1,1,68.6,1
2534,8565-HBFNN,0,0,6.34,7
3635,5296-PSYVW,0,0,0.37,10
4642,5458-CQJTA,1,0,1.22,9
2925,2931-XIQBR,0,0,11.39,6
3232,2703-AMTUL,0,0,2.81,9
5750,2398-YPMUR,1,1,66.45,1
3266,0464-WJTKO,0,0,0.17,10
3800,7973-DZRKH,0,0,2.65,9
6142,3982-XWFZQ,1,0,22.35,5
6376,1302-TPUBN,0,0,0.24,10
4437,3716-LRGXK,0,0,9.0,7
6528,4957-SREEC,0,0,0.16,10
4542,9029-FEGVJ,0,0,40.02,4
5371,0877-SDMBN,1,0,20.61,5
1576,0993-OSGPT,0,0,2.02,9
4005,2565-JSLRY,1,0,30.42,4
3265,9722-UJOJR,1,0,41.46,3
3831,6946-LMSQS,1,0,38.39,4
4362,8430-TWCBX,0,0,1.08,9
2181,1136-XGEQU,0,0,6.62,7
1801,2178-PMGCJ,0,0,42.99,3
6848,5916-QEWPT,0,0,43.16,3
6509,0616-ATFGB,1,1,63.14,2
2363,4373-VVHQL,0,1,52.79,3
5239,2056-EVGZL,0,0,6.45,7
2866,7517-LDMPS,0,1,63.41,2
3002,9513-DXHDA,0,0,8.62,7
6682,9589-ABEPT,0,0,4.95,8
4247,5161-UBZXI,0,0,2.95,8
5057,7354-OIJLX,0,1,68.88,1
303,8181-YHCMF,0,0,1.28,9
103,5386-THSLQ,0,0,3.74,8
1875,9637-CDTKZ,0,0,4.51,8
4800,9300-AGZNL,1,1,83.92,1
2647,4986-MXSFP,0,0,25.96,5
5065,6551-ZCOTS,0,0,5.48,8
5195,1676-MQAOA,0,0,0.73,10
837,6982-SSHFK,1,0,35.64,4
1248,7321-PKUYW,1,1,57.94,2
1287,8800-ZKRFW,0,1,51.62,3
4511,3633-CDBUW,0,0,13.05,6
777,7314-OXENN,1,1,68.96,1
3990,6986-IXNDM,0,1,68.65,1
370,6563-VRERX,0,0,1.94,9
4756,9518-IMLHK,0,0,10.65,7
4321,5599-HVLTW,0,1,63.41,2
4522,7305-ZWMAJ,0,0,2.5,9
333,0122-OAHPZ,1,1,72.29,1
5786,8661-BOYNW,0,0,1.65,9
1250,6766-HFKLA,0,0,8.76,7
3706,4993-JCRGJ,0,0,38.54,4
540,6859-QNXIQ,0,0,4.9,8
6061,3920-HIHMQ,0,0,24.67,5
4862,3721-CNEYS,1,1,70.16,1
5901,6172-FECYY,1,0,33.64,4
2301,4813-HQMGZ,0,1,67.37,1
6235,5180-UCIIQ,1,0,23.21,5
157,2749-CTKAJ,0,0,3.3,8
7025,2823-LKABH,0,1,52.51,3
1225,6581-NQCBA,1,1,53.15,3
102,7123-WQUHX,0,0,17.05,6
4619,4290-BSXUX,1,1,57.76,2
6075,5081-NWSUP,0,0,12.17,6
465,2996-XAUVF,0,0,1.32,9
2673,8429-XIBUM,1,1,52.91,3
1307,1866-NXPSP,0,0,4.58,8
2560,8178-EYZUO,1,0,32.9,4
943,6115-ZTBFQ,0,0,1.03,10
5059,6907-NZZIJ,1,1,60.23,2
1081,1751-NCDLI,0,1,59.95,2
5184,7570-WELNY,0,0,3.55,8
902,2719-BDAQO,1,0,49.03,3
3469,9402-ORRAH,0,1,74.35,1
4624,0325-XBFAC,1,1,71.81,1
2776,7503-QQRVF,1,0,48.33,3
597,5172-MIGPM,0,0,33.3,4
5880,3538-WZPHD,1,1,59.69,2
3004,3801-HMYNL,1,1,58.21,2
5322,8731-WBBMB,0,0,17.01,6
904,0379-DJQHR,0,0,0.92,10
2026,0308-GIQJT,0,0,11.24,6
5152,8807-OPMBM,0,0,0.68,10
4863,8727-JQFHV,0,0,0.3,10
6392,3999-WRNGR,0,0,16.38,6
840,0727-BMPLR,1,0,38.34,4
2347,7089-RKVSZ,0,0,8.22,7
715,5575-TPIZQ,0,0,29.63,4
237,9903-LYSAB,0,1,62.2,2
3228,3567-PQTSO,0,0,26.73,5
3211,4359-INNWN,0,0,5.21,8
3781,8873-TMKGR,0,0,2.78,9
4204,4395-PZMSN,0,1,70.52,1
1134,2208-NQBCT,0,0,24.82,5
462,0880-TKATG,1,1,68.0,1
1206,6077-BDPXA,0,1,69.64,1
5550,8746-BFOAJ,0,0,5.28,8
4257,9732-EQMWY,0,0,36.65,4
3951,5915-ANOEI,0,0,0.73,10
4146,9821-POOTN,1,0,47.29,3
2045,7519-JTWQH,0,0,7.99,7
4259,1087-UDSIH,1,0,25.14,5
5779,2237-ZFSMY,1,0,16.78,6
4344,2200-DSAAL,0,0,4.47,8
2621,8766-PAFNE,0,0,1.43,9
901,9734-YWGEX,1,1,63.2,2
4163,9253-VIFJQ,0,0,1.45,9
3411,7056-IMHCC,1,1,52.76,3
1996,9993-LHIEB,0,0,0.56,10
4209,4385-ZKVNW,0,0,6.95,7
4325,2700-LUEVA,0,0,18.86,5
862,0947-MUGVO,1,1,54.93,2
2485,9921-ZVRHG,1,1,65.57,2
4640,1853-UDXBW,1,1,66.0,1
2553,9137-NOQKA,0,0,29.32,4
6526,3190-XFANI,1,0,20.74,5
6174,8650-RHRKE,1,1,62.0,2
2220,2234-EOFPT,0,0,1.04,10
1846,7369-TRPFD,0,0,4.46,8
5939,4712-AUQZO,0,0,20.98,5
1750,4137-JOPHL,0,0,7.39,7
3024,8735-NBLWT,0,0,12.18,6
2400,5141-ZUVBH,0,0,31.04,4
6974,0422-UXFAP,0,0,34.82,4
1090,9036-CSKBW,0,0,15.61,6
3918,6319-IEJWJ,1,1,61.42,2
2933,5220-AGAAX,0,0,0.37,10
2896,9522-ZSINC,0,0,11.42,6
6722,5481-NTDOH,0,0,17.2,6
4629,6112-KTHFQ,0,0,17.08,6
2585,9624-EGDEQ,0,0,1.08,9
6816,2446-PLQVO,1,1,69.46,1
6945,6797-LNAQX,1,0,5.81,7
4235,7629-WFGLW,0,0,8.93,7
80,5919-TMRGD,1,1,72.3,1
1281,9531-NSBMR,0,0,3.17,8
3611,5693-PIPCS,0,0,10.21,7
1663,5364-XYIRR,1,1,50.87,3
1688,4735-BJKOU,0,0,0.91,10
2160,7101-HRBLJ,0,0,1.02,10
4605,3796-ENZGF,0,0,1.27,9
1659,3500-NSDOA,0,0,0.92,10
720,4697-LUPSU,0,0,8.51,7
3306,9643-AVVWI,0,1,52.53,3
1423,0680-DFNNY,1,1,72.42,1
1037,4581-LNWUM,0,1,56.18,2
6837,6229-LSCKB,0,1,74.6,1
5159,5928-QLDHB,0,1,68.46,1
1006,9524-EGPJC,1,1,60.95,2
83,9919-YLNNG,0,0,33.7,4
565,5846-NEQVZ,0,0,0.64,10
2904,2115-BFTIW,1,0,32.48,4
6656,4779-ZGICK,0,0,0.66,10
6156,0118-JPNOY,0,0,41.73,3
1072,7771-ZONAT,0,0,9.4,7
4847,8696-JKZNU,1,1,53.71,2
1638,8883-ANODQ,0,0,4.26,8
4514,3956-MGXOG,0,1,55.24,2
239,9227-UAQFT,0,0,2.72,9
832,3487-EARAT,0,0,0.92,10
339,1343-EHPYB,1,0,41.51,3
1784,5687-DKDTV,1,0,18.28,6
3687,6849-OYAMU,1,0,19.72,5
3230,8043-PNYSD,0,0,0.23,10
2226,3298-QEICA,0,0,3.41,8
2581,0380-ZCSBI,0,0,13.05,6
264,1950-KSVVJ,0,0,11.73,6
1367,4238-HFHSN,0,0,29.07,4
505,5609-CEBID,1,1,67.34,1
6680,9412-ARGBX,1,0,6.1,7
6007,2724-FJDYW,0,0,8.32,7
6540,5203-XEHAX,0,0,6.74,7
1935,7297-DVYGA,0,0,1.51,9
6377,7851-FLGGQ,1,0,48.02,3
890,5898-IGSLP,0,0,23.22,5
1952,0564-MUUQK,0,0,47.2,3
3023,0238-WHBIQ,0,0,0.82,10
4604,8065-BVEPF,0,0,30.81,4
989,3280-NMUVX,0,0,1.82,9
5997,3462-BJQQA,0,1,72.93,1
5479,8990-ZXLSU,0,1,57.69,2
3692,7159-FVYPK,0,0,45.81,3
5598,6051-PTVNS,0,0,0.68,10
5857,0378-NHQXU,1,1,57.74,2
2672,2150-OEGBV,0,0,3.27,8
4700,5365-LLFYV,0,0,44.24,3
5099,6861-OKBCE,1,0,11.77,6
6982,8468-FZTOE,0,0,0.88,10
3104,6860-YRJZP,0,1,73.58,1
1654,2967-MXRAV,0,0,9.12,7
2083,4897-QSUYC,1,0,26.87,5
2785,4016-BJKTZ,0,0,19.95,5
5754,1431-CYWMH,0,0,7.8,7
336,6680-NENYN,1,0,24.92,5
2325,3097-PYWXL,0,0,28.01,4
4694,0594-UFTUL,0,0,13.67,6
6694,4526-RMTLL,0,0,6.12,7
2559,8263-QMNTJ,0,0,7.0,7
4964,3943-KDREE,1,0,49.25,3
2940,6313-GIDIT,1,0,25.63,5
5930,8398-TBIYD,0,0,2.82,9
6389,3777-XROBG,0,0,0.3,10
3788,1725-IQNIY,1,0,4.15,8
6650,5850-BDWCY,0,0,16.9,6
6766,9845-QOMAD,0,0,4.94,8
672,3276-HDUEG,1,1,68.47,1
6910,0530-IJVDB,0,0,5.99,7
6645,8006-PYCSW,0,0,19.9,5
6811,8992-JQYUN,1,1,72.39,1
5387,8676-OOQEJ,0,0,45.45,3
5064,5673-TIYIB,1,0,40.2,4
6260,0458-HEUZG,0,0,8.84,7
2242,3378-AJRAO,0,0,2.13,9
3431,2430-USGXP,1,1,67.48,1
3751,2522-AHJXR,0,0,24.03,5
4633,1820-DJFPH,0,0,0.33,10
4481,8644-XYTSV,0,0,14.95,6
5421,2300-RQGOI,0,0,1.0,10
4558,8063-GBATB,1,1,67.49,1
360,9294-TDIPC,0,0,14.46,6
3649,0174-QRVVY,0,0,0.21,10
6662,6810-VCAEX,0,0,2.21,9
5477,2725-TTRIQ,0,0,1.51,9
4015,8570-KLJYJ,0,0,5.27,8
2351,9755-JHNMN,0,0,0.88,10
2519,4927-WWOOZ,0,1,75.31,1
1016,7649-SIJJF,0,0,0.95,10
2234,4500-HKANN,0,0,3.46,8
5693,5327-XOKKY,0,0,3.49,8
6677,1442-BQPVU,0,0,41.65,3
3080,1777-JYQPJ,0,0,48.45,3
6672,2346-CZYIL,0,0,1.55,9
6652,0827-ITJPH,0,0,1.42,9
5493,0196-VULGZ,1,1,79.59,1
5298,5647-FXOTP,0,1,50.28,3
6471,0859-YGKFW,0,0,4.26,8
3446,2000-MPKCA,0,0,22.39,5
6609,1000-AJSLD,1,0,25.33,5
2125,8311-UEUAB,0,0,3.22,8
6928,5306-BVTKJ,0,0,3.52,8
879,9342-VNIMQ,0,0,18.75,6
4027,5590-YRFJT,1,0,45.86,3
3143,5924-IFQTT,0,0,34.32,4
4906,8639-NHQEI,0,0,4.16,8
3581,7860-UXCRM,0,0,0.55,10
298,2985-JUUBZ,0,0,30.75,4
3894,5989-AXPUC,0,0,4.01,8
2729,1143-NMNQJ,1,1,78.13,1
4425,3059-NGMXB,0,0,18.53,6
1275,5095-ETBRJ,0,0,0.65,10
2016,8861-HGGKB,1,1,66.12,1
3486,2558-BUOZZ,0,0,11.51,6
4239,6481-LXPWL,0,0,3.27,8
2144,1763-WQFUK,0,0,32.6,4
987,3717-OFRTN,0,0,20.52,5
4760,3569-VLDHH,0,0,2.04,9
1908,8232-UTFOZ,0,0,0.19,10
1059,0376-YMCJC,1,1,54.72,2
596,8208-EUMTE,0,0,5.1,8
3217,3594-IVHJZ,0,0,25.81,5
6230,9962-BFPDU,0,0,18.16,6
2712,5133-VRSAB,0,0,30.62,4
3516,7587-RZNME,1,1,51.24,3
2020,2546-KZAAT,0,0,4.54,8
1047,4026-SKKHW,0,0,32.72,4
1999,3858-VOBET,1,1,58.01,2
2066,1852-QSWCD,0,0,0.41,10
7024,7398-LXGYX,0,0,22.88,5
1219,2294-DMMUS,0,0,12.77,6
6361,5309-TAIKL,0,0,28.68,4
6088,3063-QFSZL,1,1,58.76,2
5079,2507-QZPQS,0,0,48.15,3
3324,5043-TRZWM,0,1,62.13,2
2613,0137-OCGAB,1,1,63.87,2
5610,1320-HTRDR,1,1,74.38,1
1829,3030-YDNRM,0,1,69.47,1
3165,1834-WULEG,0,0,2.97,8
1221,3055-MJDSB,0,0,48.21,3
3873,7340-KEFQE,0,0,1.05,10
6181,4937-QPZPO,0,0,26.02,5
5906,1965-AKTSX,1,1,67.91,1
4454,8410-BGQXN,0,0,17.41,6
1246,9408-HRXRK,0,0,39.96,4
1453,5899-OUVKV,0,1,54.56,2
5075,4879-GZLFH,0,0,48.46,3
1787,7789-HKSBS,0,0,30.65,4
3780,1335-MXCSE,0,0,1.22,9
136,7850-VWJUU,0,0,35.76,4
6678,3978-YNKDD,0,0,2.02,9
1197,8944-AILEF,0,0,14.22,6
2851,1897-OKVMW,0,0,1.68,9
6334,4129-LYCOI,0,0,9.87,7
5083,7136-IHZJA,0,0,6.97,7
2791,1023-BQXZE,0,0,2.62,9
322,8705-WZCYL,0,1,52.76,3
768,8728-SKJLR,0,0,29.57,4
2294,2027-FECZV,1,1,70.23,1
4666,8780-RSYYU,0,0,9.99,7
4199,4088-YLDSU,1,0,25.45,5
4759,8740-CRYFY,1,1,73.76,1
4493,8606-OEGQZ,0,0,2.91,8
0,7590-VHVEG,0,1,63.42,2
5893,3549-ZTMNH,0,0,5.37,8
3770,5821-MMEIL,0,0,0.41,10
2348,2683-JXWQQ,0,0,3.34,8
5155,8294-UIMBA,0,0,27.05,5
6008,4451-RWASJ,0,0,6.37,7
3000,7613-LLQFO,1,1,71.86,1
1883,8840-DQLGN,1,0,33.85,4
2718,7274-CGTOD,0,0,0.86,10
6681,1389-CXMLU,1,1,72.85,1
5417,9715-SBVSU,0,0,6.31,7
664,8755-OGKNA,0,0,0.36,10
5688,9585-KKMFD,0,0,0.97,10
6435,0298-XACET,0,0,1.56,9
1483,0743-HNPFG,0,0,2.36,9
2270,4140-MUHUG,1,1,75.8,1
4697,0129-KPTWJ,0,0,29.84,4
4907,7161-DFHUF,0,0,0.27,10
2245,6050-FFXES,0,0,6.54,7
2013,7328-OWMOM,0,0,2.28,9
5378,5320-BRKGK,0,0,1.13,9
3352,9124-LHCJQ,1,1,71.95,1
4499,6178-KFNHS,1,1,54.69,2
2124,7802-EFKNY,1,1,61.53,2
5106,8878-RYUKI,0,0,16.14,6
5747,9730-DRTMJ,0,0,7.15,7
6736,7558-IMLMT,0,0,0.26,10
503,7803-XOCCZ,0,0,11.62,6
131,6207-WIOLX,1,0,26.0,5
3668,1353-GHZOS,0,0,11.85,6
6133,9638-JIQYA,0,1,56.18,2
7039,2234-XADUH,0,0,14.1,6
4230,5108-ADXWO,1,1,50.98,3
4028,5574-NXZIU,0,0,3.16,8
6011,5917-HBSDW,0,0,5.01,8
221,4443-EMBNA,0,0,0.29,10
2683,8128-YVJRG,1,1,53.35,2
6726,0685-MLYYM,1,1,67.55,1
270,4385-GZQXV,1,1,66.85,1
6534,5195-KPUNQ,0,0,9.43,7
4155,6904-JLBGY,0,0,6.31,7
4755,8849-AYPTR,0,0,47.04,3
266,6292-TOSSS,0,0,0.73,10
4471,2479-BRAMR,1,0,30.26,4
6044,1689-YQBYY,0,1,64.48,2
608,8207-DMRVL,0,0,3.24,8
4818,8348-JLBUG,0,0,4.64,8
5569,0013-EXCHZ,1,1,62.53,2
1463,4763-PGDPO,1,1,61.16,2
531,1403-GYAFU,0,0,0.15,10
319,6745-JEFZB,0,0,37.37,4
3419,1063-DHQJF,0,0,3.18,8
3112,8809-XKHMD,0,0,3.41,8
2916,4139-JPIAM,0,0,7.41,7
3176,5044-XDPYX,0,0,0.7,10
2877,0310-MVLET,1,0,39.47,4
5740,8882-TLVRW,0,0,0.42,10
4410,0848-ZGQIJ,0,1,58.04,2
4207,8706-HRADD,0,0,24.2,5
444,1910-FMXJM,0,0,40.53,3
5643,0231-LXVAP,1,1,60.72,2
2532,9825-YCXWZ,0,0,25.45,5
4587,5201-USSQZ,0,0,30.49,4
1031,1352-VHKAJ,0,0,21.25,5
1214,9866-QEVEE,1,1,58.46,2
2065,5153-RTHKF,0,0,49.52,3
1575,2003-CKLOR,1,0,25.76,5
2052,2038-LLMLM,0,0,47.86,3
884,5170-PTRKA,0,0,2.8,9
6991,3585-ISXZP,1,1,65.94,1
3566,9677-AVKED,0,0,8.87,7
900,1051-GEJLJ,0,0,20.02,5
5973,2324-EFHVG,0,0,11.13,6
880,9851-KIELU,1,0,46.32,3
5124,7267-FRMJW,0,0,1.61,9
3544,8914-RBTSB,1,0,46.26,3
5671,6370-ZVHDV,0,0,0.47,10
5440,4456-RHSNB,0,0,25.61,5
5348,9495-REDIY,0,0,12.49,6
3686,5899-MQZZL,1,1,59.45,2
981,1106-HRLKZ,0,0,0.72,10
130,2876-GZYZC,0,1,72.47,1
3127,1432-FPAXX,1,0,31.71,4
945,6680-WKXRZ,1,1,60.79,2
5041,4092-OFQZS,0,0,4.19,8
984,8165-ZJRNM,0,0,0.23,10
2408,6619-RPLQZ,0,0,0.59,10
4404,1307-ATKGB,0,1,52.2,3
6087,8319-QBEHW,0,0,16.54,6
29,8773-HHUOZ,1,0,36.68,4
2944,5311-IHLEI,0,0,27.98,4
2337,4612-THJBS,1,0,26.22,5
6983,6633-SYEUS,0,0,27.07,5
5741,5883-GTGVD,1,1,68.24,1
1941,9261-WDCAF,0,0,37.92,4
1677,3283-WCWXT,0,0,4.75,8
5804,1555-HAPSU,0,0,0.22,10
6063,0613-WUXUM,0,0,0.25,10
6972,6664-FPDAC,1,0,29.44,4
2777,4860-YZGZM,0,0,18.1,6
5164,6135-OZQVA,0,0,43.66,3
6353,8735-DCXNF,0,0,18.32,6
6536,3439-GVUSX,0,0,49.7,3
5238,7841-FCRQD,0,0,5.95,7
1631,4248-QPAVC,1,1,50.39,3
1537,2091-GPPIQ,0,0,2.62,9
4962,7088-FBAWU,0,0,17.63,6
5567,8133-ANHHJ,0,0,10.99,6
463,3811-VBYBZ,1,1,74.27,1
582,2865-TCHJW,1,1,80.29,1
4061,1629-DQQVB,0,0,18.85,5
1628,6267-DCFFZ,0,1,61.34,2
2929,2606-PKWJB,0,0,2.45,9
3398,3096-WPXBT,0,0,9.12,7
2405,2929-ERCFZ,1,1,70.52,1
5409,6005-OBZPH,1,1,64.86,2
3443,5996-NRVXR,0,0,12.27,6
5562,8023-QHAIO,0,0,24.96,5
6323,0691-NIKRI,0,0,27.18,4
1293,3022-BEXHZ,0,0,7.14,7
217,0230-WEQUW,0,0,1.1,9
5730,7167-PCEYD,0,0,0.31,10
5214,2983-ZANRP,1,1,55.69,2
1563,3223-DWFIO,0,1,64.52,2
2250,0829-DDVLK,0,0,5.73,7
701,9450-TRJUU,0,0,46.73,3
5129,0620-DLSLK,0,1,57.66,2
4260,5269-NRGDP,0,0,7.14,7
2867,7244-KXYZN,0,0,3.75,8
3378,5766-FTRTS,0,0,0.71,10
5314,2535-PBCGC,0,0,1.03,10
814,4785-NKHCX,0,0,20.59,5
5,9305-CDSKC,1,1,78.15,1
6298,7356-IWLFW,0,0,26.55,5
434,6048-NJXHX,0,0,1.63,9
2510,3707-GNWHM,1,1,67.02,1
730,6439-GTPCA,1,0,34.59,4
4594,4658-HCOHW,1,0,49.72,3
2169,6418-PIQSP,0,0,1.17,9
2466,7717-BICXI,0,0,0.26,10
35,6234-RAAPL,0,0,2.3,9
6897,2363-BJLSL,0,0,8.15,7
2611,5976-JCJRH,1,1,62.31,2
2196,6131-IUNXN,0,0,8.26,7
5838,9822-BIIGN,0,0,6.59,7
4192,7137-NAXML,0,0,3.87,8
6698,6906-MPARY,0,0,13.5,6
4495,4702-IOQDC,1,1,71.22,1
2670,4531-AUZNK,0,0,10.85,6
6518,1963-SVUCV,1,0,44.01,3
949,6169-PPETC,0,0,0.98,10
3296,2229-VWQJH,0,0,23.44,5
3833,9169-BSVIN,0,0,40.41,3
3977,4778-IZARL,0,0,3.86,8
6863,0657-DOGUM,0,0,3.77,8
3689,9488-HGMJH,1,1,75.0,1
1070,6166-ILMNY,1,1,55.81,2
4919,8242-PDSGJ,0,0,0.62,10
181,6582-OIVSP,0,0,37.14,4
4646,5032-MIYKT,0,1,62.93,2
1318,1907-YLNYW,0,0,37.3,4
2713,5996-DAOQL,0,0,25.21,5
4240,1567-DSCIC,1,1,69.34,1
3382,6285-FTQBF,0,0,0.2,10
3688,5312-UXESG,0,0,44.14,3
1581,2782-JEEBU,0,0,23.62,5
3604,9313-CDOGY,0,0,4.42,8
3726,1965-DDBWU,1,1,51.39,3
5903,1455-HFBXA,0,0,4.03,8
3738,4950-BDEUX,0,0,32.12,4
278,8645-KWHJO,0,1,52.46,3
3289,9626-VFRGG,0,0,38.55,4
6832,9173-IVZVP,0,0,0.41,10
4025,2984-MIIZL,1,1,59.21,2
2941,6176-YJWAS,0,0,4.23,8
212,7157-SMCFK,0,0,0.25,10
6764,7660-HDPJV,1,1,71.54,1
2735,7693-QPEFS,0,0,32.77,4
6749,8469-SNFFH,0,0,1.49,9
2451,3325-FUYCG,1,0,23.19,5
2605,1790-NESIO,0,0,4.72,8
3375,3642-BYHDO,0,0,0.17,10
3930,8849-PRIQJ,0,0,13.86,6
3149,3629-WEAAM,0,0,26.36,5
5982,3721-CNZHX,0,0,5.46,8
6711,3545-CNWRG,0,0,48.03,3
5252,2615-YVMYX,0,0,33.16,4
2334,9121-PHQSR,0,1,64.72,2
1389,8621-MNIHH,1,1,58.75,2
393,9967-ATRFS,0,0,9.6,7
1991,0607-MVMGC,0,0,7.08,7
3662,6410-LEFEN,1,0,37.91,4
4864,9475-NNDGC,0,0,13.18,6
2881,4003-OCTMP,0,0,8.77,7
2379,3757-NJYBX,1,0,49.44,3
5384,3137-LUPIX,0,0,44.23,3
6617,8822-KNBHV,0,0,7.34,7
3564,7820-ZYGNY,0,0,10.08,7
5369,9860-LISIZ,0,0,4.75,8
5081,5707-ZMDJP,0,0,1.11,9
3450,0100-DUVFC,0,0,25.52,5
583,1423-BMPBQ,0,0,24.15,5
2391,7318-EIVKO,0,1,56.58,2
1431,6718-BDGHG,0,0,9.01,7
576,5150-LJNSR,0,0,15.95,6
933,4750-ZRXIU,1,1,81.0,1
3270,4132-KALRO,0,1,66.13,1
117,5299-RULOA,1,1,65.74,1
2285,4307-KTUMW,1,0,25.72,5
4250,0565-JUPYD,0,0,5.53,7
5525,1333-PBMXB,0,0,1.53,9
5828,0402-OAMEN,0,0,0.23,10
994,7277-KAMWT,0,0,3.1,8
1007,6993-OHLXR,1,1,63.27,2
2295,2672-DZUOY,1,1,66.45,1
828,3104-OWCGK,1,0,10.01,7
6367,0848-SOMKO,0,0,0.73,10
1534,7876-DNYAP,0,0,0.18,10
6494,4310-KEDTB,0,0,27.33,4
2609,4446-BZKHU,1,0,40.93,3
3534,2165-VOEGB,1,0,11.21,6
4732,1052-QJIBV,0,0,0.16,10
6590,1031-IIDEO,1,1,70.95,1
5721,6064-ZATLR,0,0,2.89,8
1454,8681-ICONS,0,0,6.71,7
4438,2263-SFSQZ,0,0,0.78,10
1525,3012-VFFMN,0,0,14.06,6
6805,4323-OHFOW,0,0,16.03,6
5534,7964-VEXDG,0,0,37.21,4
216,9286-BHDQG,0,0,0.31,10
759,5684-FJVYR,0,0,2.17,9
3804,9773-PEQBZ,0,1,55.75,2
1650,3049-NDXFL,1,1,64.42,2
3436,0428-AXXLJ,0,0,5.03,8
2890,1732-VHUBQ,1,0,21.4,5
1481,9242-TKFSV,0,0,1.01,10
4154,4229-CZMLL,1,1,71.15,1
4226,3519-ZKXGG,1,1,74.16,1
5246,1981-INRFU,1,1,74.45,1
4024,1329-VHWNP,0,0,45.86,3
2216,8495-LJDFO,0,0,28.99,4
6588,3389-KTRXV,0,0,2.41,9
3340,6015-VVHHE,1,1,74.45,1
6297,0864-FVJNJ,0,0,9.93,7
4429,3486-HOOGQ,0,0,0.77,10
697,5896-NPFWW,1,0,45.09,3
2244,0866-QLSIR,1,0,4.94,8
5766,1183-CANVH,0,0,9.61,7
3529,2880-FPNAE,0,1,71.9,1
6538,5712-PTIWW,1,1,58.87,2
1564,2660-EMUBI,1,1,79.68,1
3064,7855-DIWPO,0,1,55.99,2
3504,3678-MNGZX,0,0,0.19,10
5395,9095-HFAFX,1,1,63.56,2
3190,3745-HRPHI,0,0,1.54,9
3818,8819-ZBYNA,0,0,6.69,7
262,7529-ZDFXI,0,0,38.95,4
1768,3055-VTCGS,0,0,2.72,9
4418,0378-XSZPU,1,0,1.4,9
2289,4056-QHXHZ,0,0,3.37,8
3254,3629-ZNKXA,0,1,66.92,1
6611,8690-UPCZI,0,0,5.5,8
4512,0707-HOVVN,0,0,2.09,9
2535,2000-DHJUY,0,0,2.15,9
486,9094-AZPHK,0,1,71.3,1
1948,8183-ONMXC,1,1,66.67,1
3141,5649-ANRML,1,1,53.72,2
2518,0447-RXSGD,0,1,58.16,2
2336,3211-ILJTT,1,0,48.73,3
5711,1891-UAWWU,1,1,64.68,2
96,9803-FTJCG,0,0,1.05,10
3040,7317-GGVPB,1,0,6.69,7
79,3887-PBQAO,0,0,2.17,9
2494,1596-BBVTG,1,0,30.78,4
4674,0980-FEXWF,0,0,6.94,7
4063,3045-XETSH,1,1,69.19,1
2284,8963-JLGJT,0,0,20.12,5
6739,6994-KERXL,0,1,53.78,2
2734,2371-JUNGC,0,0,12.68,6
1224,3165-HDOEW,1,0,39.22,4
1174,6994-ORCWG,0,0,20.1,5
6865,8792-AOROI,0,0,5.42,8
4622,8705-DWKTI,0,0,26.76,5
5841,7136-RVDTZ,1,0,8.5,7
3189,5384-ZTTWP,0,0,9.9,7
6771,1488-SYSFC,0,0,8.6,7
815,3196-NVXLZ,0,1,55.74,2
2057,2189-UXTKY,1,0,32.32,4
4798,4948-WBBKL,0,0,46.77,3
956,3261-CQXOL,0,0,0.25,10
2572,9153-BTBVV,0,0,0.28,10
5547,9611-CTWIH,1,1,77.07,1
6845,6127-IYJOZ,0,0,48.43,3
4456,1619-YWUBB,0,0,0.42,10
172,6727-IOTLZ,0,0,6.14,7
3432,8174-TBVCF,0,0,1.72,9
3897,8015-IHCGW,0,0,6.58,7
3932,1304-NECVQ,1,1,78.32,1
2079,5804-HYIEZ,0,0,25.85,5
1185,5673-FSSMF,1,1,64.42,2
3511,3785-KTYSH,0,0,0.6,10
3273,7112-OPOTK,1,0,34.45,4
5308,9110-HSGTV,0,0,1.27,9
4222,6480-YAGIY,0,0,8.23,7
3637,4083-EUGRJ,1,0,13.87,6
3272,6772-KSATR,1,1,63.67,2
1708,8640-SDGKB,1,0,48.56,3
804,3138-BKYAV,1,1,65.63,2
123,6497-TILVL,0,0,19.56,5
5323,1448-CYWKC,0,0,19.75,5
185,1024-GUALD,1,1,68.01,1
3747,1548-ARAGG,0,0,31.48,4
5242,5366-IJEQJ,1,1,65.73,2
1279,3452-FLHYD,0,0,4.81,8
3079,2141-RRYGO,1,0,48.91,3
544,2817-NTQDO,1,0,29.33,4
4054,9522-BNTHX,0,0,43.03,3
541,2782-LFZVW,0,0,46.31,3
1398,3569-EDBPQ,0,0,39.6,4
1810,5149-QYTTU,0,0,4.03,8
3815,9306-CPCBC,1,1,74.74,1
7037,2569-WGERO,0,0,0.27,10
3752,0412-UCCNP,0,0,1.38,9
3051,5117-ZSMHQ,0,0,1.02,10
4602,1240-HCBOH,0,0,0.47,10
1334,1768-ZAIFU,1,1,72.6,1
2313,9154-QDGTH,0,0,20.87,5
2041,3546-GHEAE,0,0,4.3,8
3163,9281-OFDMF,0,0,44.07,3
1036,6445-TNRXS,0,0,4.87,8
978,6646-QVXLR,1,0,29.26,4
725,6549-YMFAW,0,0,21.44,5
4956,3217-FZDMN,1,1,69.89,1
3950,5655-JSMZM,1,1,57.87,2
4747,8884-FEEWR,0,0,2.21,9
819,4178-EGMON,0,0,2.09,9
4699,5855-EIBDE,0,0,4.17,8
1578,1205-WNWPJ,1,0,35.75,4
1597,5327-CNLUQ,0,0,7.84,7
594,9244-ZVAPM,0,0,35.16,4
345,0021-IKXGC,0,1,80.31,1
195,2604-IJPDU,0,0,37.33,4
4490,0442-ZXKVS,0,0,17.86,6
2054,9734-UYXQI,1,1,59.74,2
6324,5022-JNQEQ,0,1,51.93,3
3720,1097-FSPVW,0,0,6.64,7
5134,8010-EZLOU,1,1,65.13,2
5790,0980-PVMRC,0,0,30.14,4
2737,5074-FBGHB,0,0,16.56,6
6166,4077-CROMM,1,1,54.57,2
4070,0531-ZZJWQ,0,0,36.56,4
4190,3737-GCSPV,1,0,45.88,3
2977,5906-BFOZT,0,0,25.54,5
50,8012-SOUDQ,0,1,52.78,3
3981,1200-TUZHR,0,1,72.59,1
4561,9415-TPKRV,0,0,36.03,4
2426,1049-FYSYG,0,0,34.79,4
4066,4872-VXRIL,0,0,2.33,9
1104,8717-VCTXJ,0,0,2.07,9
3786,0064-YIJGF,0,0,42.15,3
495,8205-OTCHB,1,0,20.78,5
5692,3948-FVVRP,0,0,15.86,6
4601,3932-IJWDZ,0,0,41.15,3
2492,9206-GVPEQ,1,0,43.02,3
6912,2215-ZAFGX,0,1,73.22,1
515,9412-GHEEC,1,0,34.83,4
6878,2990-HWIML,1,1,75.84,1
5082,8779-YIQQA,0,0,3.43,8
1123,0074-HDKDG,0,0,6.09,7
5788,4815-GBTCD,0,1,64.63,2
4345,4302-ZYFEL,0,0,0.45,10
3401,4299-OPXEJ,0,0,0.61,10
3525,5889-JTMUL,1,0,49.02,3
6186,4789-KWMXN,1,0,15.96,6
761,1894-IGFSG,1,1,57.74,2
1598,7552-KEYGT,0,0,1.68,9
4016,7754-IXRMC,0,0,37.12,4
2271,0093-EXYQL,0,1,58.61,2
2900,0679-IDSTG,1,1,72.49,1
6340,3323-CPBWR,0,0,43.91,3
2161,5159-YFPKQ,1,1,69.04,1
121,2928-HLDBA,0,0,16.72,6
3082,3401-URHDA,0,0,2.04,9
4277,5955-EPOAZ,0,0,21.95,5
2768,1429-UYJSV,0,0,6.83,7
6958,3078-ZKNTS,0,0,4.32,8
2091,8957-THMOA,0,0,0.46,10
5963,7163-OCEQI,0,0,15.8,6
3520,6036-TTFYU,0,0,10.9,6
1989,9885-MFVSU,0,0,3.6,8
991,8361-LBRDI,0,0,0.5,10
6997,2523-EWWZL,0,0,45.52,3
1988,3424-NMNBO,1,0,23.83,5
3095,0315-LVCRK,0,1,57.03,2
935,6630-UJZMY,0,1,81.11,1
5399,2589-AYCRP,0,0,1.14,9
788,0810-BDHAW,0,0,13.44,6
955,9448-REEVD,1,0,34.6,4
326,5701-YVSVF,0,1,65.31,2
651,2024-BASKD,1,1,61.96,2
3348,2172-EJXVF,0,0,27.17,5
3632,2203-GHNWN,0,0,49.37,3
5178,4350-ZTLPI,0,0,19.88,5
5264,9309-BZGNT,0,0,3.0,8
5151,5562-YJQGT,0,0,19.42,5
2661,8780-YRMTT,0,0,0.78,10
1626,9504-DSHWM,0,0,13.48,6
6448,3685-YLCMQ,1,0,25.12,5
1973,9675-ICXCT,0,0,1.35,9
4826,3389-YGYAI,1,1,78.05,1
2620,7799-DSEWS,0,0,23.78,5
1162,9359-UGBTK,0,0,2.1,9
6870,3452-SRFEG,0,0,30.48,4
1532,4881-GQJTW,0,0,11.08,6
6691,8292-FRFZQ,0,0,3.51,8
666,7538-GWHML,1,1,63.15,2
3129,7080-TNUWP,0,0,12.21,6
4805,2207-RYYRL,0,0,0.55,10
675,3729-OWRVL,0,0,10.78,6
4051,8152-VETUR,0,0,8.31,7
3828,8747-UDCOI,0,0,0.28,10
37,6572-ADKRS,0,0,26.6,5
4431,8630-FJLIB,0,1,57.6,2
3634,3258-SYSWS,0,0,4.12,8
2114,7707-PYBBH,0,0,6.02,7
2975,3043-TYBNO,0,0,29.19,4
3935,8285-ABVLB,0,0,0.19,10
554,5301-GAUUY,1,0,39.43,4
5507,5753-QQWPW,0,0,6.74,7
2153,7978-DKUQH,0,1,50.32,3
3284,7586-ZATGZ,0,1,51.41,3
4377,8212-CRQXP,0,1,50.06,3
1901,5777-ZPQNC,0,0,9.49,7
6665,1395-OFUWC,0,0,8.36,7
2205,0380-NEAVX,0,0,38.51,4
108,8597-CWYHH,0,0,23.01,5
129,2639-UGMAZ,0,0,5.15,8
2439,8884-MRNSU,0,0,4.49,8
2056,4138-NAXED,0,0,19.8,5
1233,1299-AURJA,0,0,0.26,10
3451,5397-TUPSH,0,0,9.39,7
1841,8958-JPTRR,0,0,1.5,9
6879,0682-USIXD,0,1,52.18,3
802,8859-AXJZP,0,0,1.41,9
3392,7636-PEPNS,0,0,2.82,9
1365,7721-JXEAW,1,0,9.94,7
6638,4990-ALDGW,0,0,0.35,10
5489,0804-XBFBV,0,0,45.06,3
3550,0963-ZBDRN,1,0,49.63,3
3234,8173-RXAYP,0,0,1.7,9
5813,8099-MZPUJ,0,0,4.96,8
1082,4367-NUYAO,0,0,11.64,6
3393,4683-WYDOU,0,0,10.48,7
2468,2636-OHFMN,1,1,67.52,1
5435,7432-FFVAR,0,0,10.08,7
4534,2607-FBDFF,0,0,27.21,4
5848,9958-MEKUC,0,0,1.99,9
5497,7614-QVWQL,1,0,8.87,7
5196,0786-IVLAW,0,0,18.6,6
5359,5143-EGQFK,1,1,54.56,2
4486,7251-XFOIL,0,0,23.7,5
3717,0655-YDGFJ,0,0,14.61,6
3182,6568-POCUI,0,0,10.73,6
4077,0916-QOFDP,0,1,76.6,1
1297,6198-ZFIOJ,0,1,66.02,1
5944,5995-OIGLP,1,0,12.86,6
474,9399-APLBT,1,1,63.32,2
485,7971-HLVXI,0,0,5.39,8
3946,5154-VEKBL,1,0,31.77,4
4430,5061-PBXFW,0,0,5.27,8
3423,2947-DOMLJ,1,0,22.61,5
6783,9867-XOBQA,0,0,4.07,8
1907,2272-UOINI,0,0,34.03,4
6293,7977-HXJKU,0,0,1.85,9
5040,9909-IDLEK,0,0,31.51,4
4460,0365-GXEZS,0,0,38.48,4
1497,3128-YOVTD,0,0,13.8,6
2589,7576-OYWBN,1,1,76.67,1
5627,9334-GWGOW,0,1,74.03,1
1748,8540-ZQGEA,0,0,0.44,10
5312,9564-KCLHR,1,0,26.91,5
3342,0384-LPITE,0,0,6.67,7
4599,1834-ABKHQ,0,0,4.0,8
4324,6873-UDNLD,0,0,11.72,6
3943,8720-RQSBJ,0,0,49.85,3
3712,9209-NWPGU,0,0,3.81,8
6433,2346-LOCWC,0,0,0.31,10
6794,1047-RNXZV,0,0,0.73,10
7022,7203-OYKCT,0,0,21.24,5
6964,1264-FUHCX,0,0,7.7,7
6268,9746-UGFAC,0,0,4.42,8
6403,3258-ZKPAI,0,0,4.38,8
6902,5820-PTRYM,0,0,2.98,8
4358,6253-WRFHY,0,0,29.87,4
316,3973-SKMLN,0,0,0.24,10
4097,9974-JFBHQ,0,0,16.61,6
5791,7233-DRTRF,0,0,40.79,3
6069,8097-OMULG,0,0,2.53,9
5355,4724-WXVWF,0,0,28.08,4
4105,5055-BRMNE,0,0,3.6,8
4233,4664-NJCMS,0,0,4.58,8
2657,3301-LSLWQ,0,0,28.77,4
1151,8992-CEUEN,0,0,27.81,4
3293,2041-JIJCI,0,1,56.93,2
620,4881-JVQOD,0,1,55.15,2
3012,2160-GPFXD,0,0,1.01,10
3059,7503-EPSZW,0,0,0.46,10
75,2673-CXQEU,0,0,20.27,5
164,2907-ILJBN,0,0,6.03,7
1526,2984-AFWNC,0,1,66.02,1
965,9889-TMAHG,1,0,41.18,3
2319,7928-VJYAB,0,1,59.67,2
3455,7274-RTAPZ,1,1,76.47,1
2421,3893-JRNFS,0,0,8.12,7
6919,5136-GFPMB,0,0,25.42,5
6555,8969-PRHFK,0,0,4.81,8
4784,1622-HSHSF,0,0,27.09,5
2429,8406-LNMHF,0,0,6.92,7
2756,5624-BQSSA,1,0,20.47,5
2432,0023-UYUPN,0,0,2.55,9
5056,3262-EIDHV,0,0,0.95,10
5960,2957-JIRMN,0,0,18.64,6
4803,3717-LNXKW,0,0,27.6,4
1671,1442-OKRJE,0,0,9.37,7
6437,2995-YWTCD,0,0,4.16,8
3187,7682-AZNDK,0,0,41.23,3
5379,6284-KMNUF,0,0,23.07,5
3123,6692-YQHXC,0,0,48.48,3
3580,0260-ZDLGK,1,0,34.56,4
681,7501-IWUNG,0,0,2.35,9
1095,7439-DKZTW,0,1,73.21,1
2706,7598-UAASY,1,1,58.66,2
5686,4369-HTUIF,1,1,57.34,2
456,5149-CUZUJ,0,0,13.72,6
6663,0674-EYYZV,0,1,59.43,2
6728,2380-DAMQP,0,0,5.4,8
3278,4293-ETKAP,0,0,2.34,9
4289,2228-BZDEE,0,0,0.45,10
871,1573-LGXBA,0,0,14.17,6
1852,3669-OYSJI,1,0,34.36,4
3099,5505-OVWQW,0,0,5.35,8
2840,7299-GNVPL,0,0,15.74,6
5215,7845-URHJN,1,0,16.14,6
3317,6685-GBWJZ,0,0,1.2,9
650,9576-ANLXO,1,1,63.33,2
5574,5546-BYZSM,0,0,4.76,8
2357,9251-WNSOD,0,0,2.2,9
5637,4423-JWZJN,0,0,8.93,7
1945,8229-BUJHX,0,0,0.18,10
1670,5047-LHVLY,1,0,43.55,3
5884,4785-QRJHC,1,0,10.68,7
3602,3038-PQIUY,0,0,12.25,6
2543,0952-KMEEH,1,0,48.65,3
1176,3992-YWPKO,1,1,58.99,2
6751,1241-FPMOF,0,0,0.46,10
1640,2351-RRBUE,0,0,7.22,7
4359,9133-AYJZG,0,1,58.63,2
3887,4503-BDXBD,1,0,48.64,3
1656,8189-HBVRW,0,0,19.68,5
683,7251-LJBQN,0,0,31.46,4
1264,6244-BESBM,0,0,4.87,8
2922,3348-CFRNX,1,0,42.74,3
2682,9462-MJUAW,1,0,37.89,4
1503,0481-SUMCB,0,0,37.98,4
3628,5186-EJEGL,0,0,22.4,5
346,2034-GDRCN,1,1,77.37,1
4683,9360-OMDZZ,0,1,69.48,1
3386,1474-JUWSM,0,0,4.79,8
3047,1550-LOAHA,1,0,32.06,4
6420,1422-DGUBX,0,0,26.45,5
2425,0142-GVYSN,0,0,12.23,6
2889,9830-ECLEN,0,0,2.19,9
285,6202-DYYFX,0,0,34.02,4
3344,6347-DCUIK,1,1,60.57,2
5496,2208-NKVVH,0,0,0.84,10
3722,8328-SKJNO,0,0,5.4,8
5494,8837-VVWLQ,1,1,51.67,3
382,8204-YJCLA,0,0,1.36,9
3782,8800-JOOCF,0,1,70.04,1
3514,6993-YCOBK,0,0,8.23,7
4757,1582-RAFML,1,0,27.94,4
2491,1552-TKMXS,0,0,3.14,8
5519,2043-WVTQJ,0,0,23.84,5
6720,9530-GRMJG,0,0,2.73,9
4556,3750-CKVKH,1,1,69.55,1
861,9777-IQHWP,0,0,3.63,8
2597,5945-AZYHT,0,0,16.21,6
4881,2305-MRGLV,0,0,24.03,5
6586,6813-GZQCG,0,0,1.14,9
5478,3374-TTZTK,0,0,7.53,7
6693,7895-VONWT,0,1,53.22,3
5228,3589-PPVKW,0,0,35.31,4
4980,8595-SIZNC,0,0,6.84,7
6017,4482-FTFFX,0,0,30.03,4
5280,6574-MCOEH,0,0,16.94,6
1024,7147-AYBAA,0,0,30.7,4
7009,7703-ZEKEF,1,1,57.54,2
439,3577-AMVUX,0,0,26.13,5
7005,9347-AERRL,0,0,3.64,8
6378,0637-UBJRP,1,0,41.9,3
5871,0733-VUNUW,1,0,20.97,5
6194,2868-LLSKM,0,0,6.5,7
4677,8443-WVPSS,1,1,58.92,2
5710,6297-NOOPG,0,0,10.69,7
292,2294-SALNE,0,0,10.66,7
3405,0744-GKNGE,0,0,10.4,7
199,3645-DEYGF,0,0,17.05,6
2511,7016-NVRIC,0,0,18.05,6
152,1679-JRFBR,0,0,11.97,6
6157,6776-TLWOI,1,0,17.99,6
5219,3976-NLDEZ,0,0,19.28,5
2823,4884-LEVMQ,0,0,1.29,9
284,9512-UIBFX,1,0,45.22,3
5315,2082-CEFLT,1,1,52.41,3
3764,6674-KVJHG,0,0,12.22,6
4020,4334-HOWRP,0,0,1.36,9
2822,9170-GYZJC,1,0,6.46,7
851,2252-NKNSI,0,0,2.19,9
5714,6108-OQZDQ,1,1,74.87,1
202,3363-DTIVD,0,0,6.03,7
2186,5970-GHJAW,0,0,0.51,10
1886,6695-FRVEC,0,0,0.55,10
4255,2157-MXBJS,1,0,29.38,4
1874,5129-HHMZC,0,0,2.32,9
3696,3144-AUDBS,1,0,40.08,4
2428,2519-FAKOD,1,0,49.0,3
4523,9518-XXBXE,0,0,47.36,3
84,0318-ZOPWS,0,0,0.85,10
791,3442-ZHHCC,0,0,2.55,9
3884,4521-YEEHE,0,1,61.32,2
5526,6546-OPBBH,0,0,1.53,9
4121,0576-WNXXC,1,1,60.54,2
6544,6661-HBGWL,1,1,53.17,3
6118,9924-JPRMC,0,0,7.03,7
6379,0940-OUQEC,1,1,56.27,2
572,5756-JYOJT,0,0,12.88,6
151,3874-EQOEP,1,1,63.37,2
4364,6741-QRLUP,0,0,1.33,9
2266,5732-IKGQH,0,0,14.32,6
32,6827-IEAUQ,0,0,3.04,8
3287,5828-AVIPD,1,0,41.55,3
822,7975-TZMLR,0,0,33.7,4
4183,6917-IAYHD,0,0,32.64,4
4215,9031-ZVQPT,0,0,9.56,7
6708,2272-QAGFO,1,1,72.04,1
1040,1236-WFCDV,1,1,57.08,2
1028,8436-BJUMM,1,1,57.61,2
4873,2320-YKQBO,0,0,16.43,6
4822,2664-XJZNO,0,0,3.22,8
6552,9317-WZPGV,1,1,72.35,1
1817,5663-QBGIS,0,0,7.45,7
6484,2911-IJORQ,0,0,7.67,7
3986,6242-FEGFD,0,0,1.92,9
6111,9812-GHVRI,0,0,38.83,4
2267,9239-GZHZE,0,0,4.96,8
3958,4652-NNHNY,1,1,57.14,2
501,4513-CXYIX,0,0,4.03,8
6950,2075-RMJIK,0,0,27.46,4
1571,2812-SFXMJ,0,0,17.22,6
2462,2585-KTFRE,0,0,22.64,5
6809,9274-CNFMO,1,1,69.4,1
1947,5504-WSIUR,0,0,7.53,7
3695,6088-BXMRG,0,1,57.99,2
4220,4644-OBGFZ,0,0,0.65,10
1970,5445-UTODQ,1,1,70.55,1
710,1029-QFBEN,1,0,19.57,5
1586,3766-EJLFL,0,0,5.86,7
3667,7826-VVKWT,0,0,30.85,4
6738,3590-TCXTB,0,0,19.35,5
5890,0383-CLDDA,0,0,1.84,9
1387,7684-XSZIY,0,0,0.21,10
5454,2506-TNFCO,1,1,75.24,1
6393,3466-RITXD,0,0,38.01,4
3492,0975-VOOVL,0,0,44.47,3
3073,5762-TJXGK,0,0,3.74,8
3302,7774-OJSXI,1,0,41.67,3
1092,8590-YFFQO,0,0,0.34,10
2126,5858-EAFCZ,0,0,35.62,4
6648,2164-SOQXL,0,0,7.92,7
6407,6728-CZFEI,0,0,16.68,6
3593,9540-JYROE,1,1,55.28,2
835,4250-WAROZ,0,0,27.83,4
3031,3923-CSIHK,1,0,34.44,4
3414,4837-PZTIC,0,0,1.33,9
998,2545-LXYVJ,0,0,0.18,10
5343,4254-QPEDE,0,0,1.75,9
1609,3584-WKTTW,0,0,20.21,5
244,4522-AKYLR,0,0,41.82,3
4815,9565-JSNFM,1,0,17.79,6
491,6778-YSNIH,0,1,53.76,2
1437,1666-JZPZT,0,0,19.29,5
564,7319-VENRZ,0,0,26.97,5
4875,2302-ANTDP,1,0,30.45,4
4484,7465-ZZRVX,0,1,69.44,1
5102,9070-BCKQP,0,0,5.48,8
7031,3605-JISKB,0,0,2.54,9
4197,5934-RMPOV,0,1,62.68,2
1765,0409-WTMPL,0,0,16.2,6
1508,2811-POVEX,0,0,49.3,3
386,0533-BNWKF,1,0,37.38,4
3840,1080-BWSYE,0,0,0.43,10
5439,5959-BELXA,1,1,59.09,2
2151,2560-WBWXF,0,0,0.42,10
6097,9114-DPSIA,0,0,0.56,10
5723,7824-PANSQ,0,0,14.94,6
3440,3508-VLHCZ,0,0,1.26,9
5928,1830-IPXVJ,0,0,0.27,10
1565,6968-GMKPR,0,0,25.45,5
4320,5324-KTGCG,0,0,0.5,10
537,5844-QVTAT,0,0,4.71,8
4108,2650-GYRYL,0,0,2.87,8
6374,1293-BSEUN,0,0,0.22,10
1950,9614-RMGHA,1,0,24.45,5
1584,9906-NHHVC,0,0,4.14,8
7002,9586-JGQKH,0,0,8.99,7
1899,8563-OYMQY,0,0,47.27,3
6871,4070-OKWVH,0,0,27.71,4
5917,5144-PQCDZ,0,0,22.54,5
5865,2621-UDNLU,0,0,18.72,6
834,9231-ZJYAM,1,1,77.28,1
2736,0924-BJCRC,0,0,31.86,4
5713,8050-DVOJX,0,0,1.75,9
3917,3871-IKPYH,1,1,67.09,1
354,0623-IIHUG,1,0,44.55,3
153,9073-ZZIAY,0,0,1.17,9
5012,9367-TCUYN,0,0,13.04,6
1106,4159-NAAIX,0,0,8.97,7
5529,5919-VCZYM,0,0,18.68,6
558,2501-XWWTZ,0,1,53.22,2
6906,9945-PSVIP,0,0,2.25,9
765,4718-DHSMV,0,1,52.81,3
4588,2105-PHWON,0,0,39.13,4
6798,7562-UXTPG,0,1,52.82,3
2801,1017-FBQMM,0,0,14.04,6
4350,1518-OMDIK,0,0,16.02,6
7014,9053-EJUNL,0,0,47.3,3
639,0195-IESCP,1,1,71.97,1
3510,3199-XGZCY,0,1,71.04,1
3304,0136-IFMYD,0,0,12.33,6
5609,4818-DRBQT,1,0,40.77,3
4722,7581-EBBOU,0,0,3.09,8
2619,3336-JORSO,1,1,58.49,2
6605,7632-MNYOY,1,0,12.74,6
1637,4999-IEZLT,0,0,1.48,9
6646,8249-THVEC,0,0,0.8,10
4327,0958-YHXGP,0,1,58.32,2
1260,9992-UJOEL,0,0,37.5,4
5945,8421-WZOOW,0,0,20.08,5
5222,6854-EXGSF,0,0,29.65,4
3058,2858-MOFSQ,1,0,17.75,6
3531,4311-QTTAI,0,0,5.49,8
4575,8746-OQQRW,0,0,20.82,5
6477,3518-FSTWG,0,0,8.06,7
6222,0130-SXOUN,0,0,17.41,6
3870,1099-BTKWT,0,0,5.78,7
3901,2773-OVBPK,0,0,8.25,7
4264,8818-DOPVL,0,1,59.25,2
4445,3134-DSHVC,0,0,4.19,8
5491,3703-TTEPD,0,0,16.8,6
3820,9481-IEBZY,0,0,19.35,5
2788,2790-XUYMV,0,0,4.63,8
758,2189-WWOEW,1,0,49.59,3
1685,9365-SRSZE,0,1,53.02,3
3729,3635-QQRQD,0,0,0.38,10
4186,7572-KPVKK,0,0,11.85,6
4568,3709-OIJEA,0,0,21.09,5
5347,9788-HNGUT,0,0,4.97,8
836,8184-WMOFI,0,0,1.25,9
2409,3275-RHRNE,0,0,12.94,6
2666,8414-OOEEL,0,0,1.48,9
5831,9846-GKXAS,1,1,67.27,1
6385,0702-PGIBZ,1,1,72.18,1
2089,3933-DQPWX,0,0,1.51,9
780,5676-CFLYY,0,0,1.18,9
6259,2661-GKBTK,0,0,1.32,9
4148,9142-XMYJH,0,0,6.03,7
4874,1193-RTSLK,1,0,21.05,5
4885,5304-EFJLP,0,0,8.73,7
1128,0098-BOWSO,0,0,11.87,6
4680,1986-PHGZF,0,0,23.82,5
2692,5445-GLVOT,0,0,23.96,5
4457,7611-YKYTC,0,0,23.54,5
6198,0071-NDAFP,0,0,1.9,9
5203,0734-OXWBT,0,0,30.13,4
5363,3810-PJUHR,0,0,0.22,10
6059,7325-ENZFI,0,0,4.85,8
2229,3496-LFSZU,0,1,58.89,2
2262,4529-CKBCL,1,1,74.19,1
4931,4298-OYIFC,0,1,65.63,2
5810,9102-IAYHT,1,1,65.93,1
4654,4530-NDRKU,0,0,2.69,9
6831,9451-LPGOO,1,1,73.66,1
6595,5702-KVQRD,0,0,1.65,9
4763,4001-TSBTV,0,0,28.5,4
1934,4587-NUKOX,1,1,54.68,2
5087,8739-QOTTN,0,0,19.59,5
6004,6736-DHUQI,0,0,3.22,8
3157,3030-YZADT,1,0,28.25,4
6781,4919-MOAVT,1,1,56.87,2
1142,2460-NGXBJ,0,1,59.05,2
3308,2706-QZIHY,0,0,3.92,8
2006,0224-HJAPT,1,0,46.99,3
1415,5223-UZAVK,0,0,10.1,7
2878,0428-IKYCP,0,0,48.86,3
3619,6479-VDGRK,0,0,0.72,10
816,6275-YDUVO,1,1,64.68,2
2767,3572-UOLYZ,0,0,25.07,5
2193,6922-NCEDI,0,0,0.9,10
3636,6319-QSUSR,0,0,11.83,6
5020,5231-FIQPA,0,0,1.21,9
4134,3005-TYFRD,0,0,38.03,4
5670,7812-FZHPE,1,0,11.57,6
3449,5473-KHBPS,0,0,16.49,6
5946,6261-RCVNS,1,0,2.75,9
6365,8884-ADFVN,1,1,79.7,1
2545,0654-PQKDW,0,0,1.98,9
4397,7663-YJHSN,0,0,3.87,8
268,6323-AYBRX,1,0,0.32,10
2728,6402-SSEJG,0,0,16.77,6
1019,9391-TTOYH,0,0,11.04,6
4782,6175-IRFIT,0,1,54.86,2
2053,6173-ITPWD,1,0,29.54,4
2645,8562-GHPPI,0,0,20.4,5
55,1658-BYGOY,1,1,76.39,1
3538,9028-LIHRP,0,0,1.51,9
3499,0426-TIRNE,1,0,20.48,5
1767,3669-WHAFY,0,0,5.03,8
1445,3211-AAPKX,0,1,55.62,2
6922,9398-MMQTO,0,0,45.83,3
2486,1174-FGIFN,0,0,32.09,4
3333,4573-JKNAE,0,0,3.07,8
3053,0960-HUWBM,0,0,7.86,7
6920,2595-KIWPV,0,0,1.34,9
4696,9128-CPXKI,0,0,10.7,6
2246,7181-BQYBV,1,1,70.13,1
